school_name,p
UConn,0.9110167888805030
South Carolina,0.0390183802806596
Notre Dame,0.0278736065624325
Baylor,0.0065228732469641
Maryland,0.0058082056809551
Tennessee,0.0054990859318380
Florida St.,0.0019725807380047
Louisville,0.0013113990684431
Duke,0.0004879331834452
Arizona St.,0.0001559322325739
Texas,0.0001154238932028
North Carolina,0.0000897288567237
Stanford,0.0000672936514108
Iowa,0.0000326719808005
Dayton,0.0000264777317372
Gonzaga,0.0000016180803062
