school_name,p
UConn,0.9211122517446170
South Carolina,0.0367518443970803
Notre Dame,0.0337028744712962
Maryland,0.0055195995993276
Tennessee,0.0028540447601629
Dayton,0.0000593850275155
