school_name,p
UConn,0.9219131800823130
South Carolina,0.0362242833852514
Notre Dame,0.0250242040165161
Maryland,0.0058751182998914
Baylor,0.0052787868308251
Tennessee,0.0038504801620589
Florida St.,0.0017773297871226
Dayton,0.0000566174360215
